This is NOT a Census List  It has been modified in layout and a Long CSA code has been added.

COMBINED STATISTICAL AREAS AND COMPONENT CORE-BASED STATISTICAL AREAS, 2003, WITH CODES

(Combined Statistical Areas defined by Office of Management and Budget, 6/6/2003)

Source:                 Population Division, U.S. Census Bureau
Internet Release Date:  June 10, 2003
Last Revised:           June 10, 2003
The Long CSA Code is to assist in making a combined list of the larger of CSA, CBSA etc.

   CSA     CBSA
Code Long  Code Component CBSA Names     CSA names are to the right                              Combined Statistical Area 

102 10541 10540 Albany-Lebanon, OR Micropolitan Statistical Area                                 Albany-Corvallis-Lebanon, OR Combined Statistical Area
102 10541 18700 Corvallis, OR Metropolitan Statistical Area                                      Albany-Corvallis-Lebanon, OR Combined Statistical Area
104 10581 10580 Albany-Schenectady-Troy, NY Metropolitan Statistical Area                        Albany-Schenectady-Amsterdam, NY Combined Statistical Area
104 10581 11220 Amsterdam, NY Micropolitan Statistical Area                                      Albany-Schenectady-Amsterdam, NY Combined Statistical Area
104 10581 24020 Glens Falls, NY Metropolitan Statistical Area                                    Albany-Schenectady-Amsterdam, NY Combined Statistical Area
104 10581 24100 Gloversville, NY Micropolitan Statistical Area                                   Albany-Schenectady-Amsterdam, NY Combined Statistical Area
104 10581 26460 Hudson, NY Micropolitan Statistical Area                                         Albany-Schenectady-Amsterdam, NY Combined Statistical Area
112 11181 11180 Ames, IA Metropolitan Statistical Area                                           Ames-Boone, IA Combined Statistical Area
112 11181 14340 Boone, IA Micropolitan Statistical Area                                          Ames-Boone, IA Combined Statistical Area
118 11541 11540 Appleton, WI Metropolitan Statistical Area                                       Appleton-Oshkosh-Neenah, WI Combined Statistical Area
118 11541 36780 Oshkosh-Neenah, WI Metropolitan Statistical Area                                 Appleton-Oshkosh-Neenah, WI Combined Statistical Area
120 11701 11700 Asheville, NC Metropolitan Statistical Area                                      Asheville-Brevard, NC Combined Statistical Area
120 11701 14820 Brevard, NC Micropolitan Statistical Area                                        Asheville-Brevard, NC Combined Statistical Area
122 12061 12060 Atlanta-Sandy Springs-Marietta, GA Metropolitan Statistical Area                 Atlanta-Sandy Springs-Gainesville, GA Combined Statistical Area
122 12061 16340 Cedartown, GA Micropolitan Statistical Area                                      Atlanta-Sandy Springs-Gainesville, GA Combined Statistical Area
122 12061 23580 Gainesville, GA Metropolitan Statistical Area                                    Atlanta-Sandy Springs-Gainesville, GA Combined Statistical Area
122 12061 29300 LaGrange, GA Micropolitan Statistical Area                                       Atlanta-Sandy Springs-Gainesville, GA Combined Statistical Area
122 12061 45580 Thomaston, GA Micropolitan Statistical Area                                      Atlanta-Sandy Springs-Gainesville, GA Combined Statistical Area
122 12061 46740 Valley, AL Micropolitan Statistical Area                                         Atlanta-Sandy Springs-Gainesville, GA Combined Statistical Area
132 12941 12940 Baton Rouge, LA Metropolitan Statistical Area                                    Baton Rouge-Pierre Part, LA Combined Statistical Area
132 12941 38200 Pierre Part, LA Micropolitan Statistical Area                                    Baton Rouge-Pierre Part, LA Combined Statistical Area
138 13221 13220 Beckley, WV Micropolitan Statistical Area                                        Beckley-Oak Hill, WV Combined Statistical Area
138 13221 36060 Oak Hill, WV Micropolitan Statistical Area                                       Beckley-Oak Hill, WV Combined Statistical Area
140 13461 13460 Bend, OR Metropolitan Statistical Area                                           Bend-Prineville, OR Combined Statistical Area
140 13461 39260 Prineville, OR Micropolitan Statistical Area                                     Bend-Prineville, OR Combined Statistical Area
142 13821 13820 Birmingham-Hoover, AL Metropolitan Statistical Area                              Birmingham-Hoover-Cullman, AL Combined Statistical Area
142 13821 18980 Cullman, AL Micropolitan Statistical Area                                        Birmingham-Hoover-Cullman, AL Combined Statistical Area
148 14461 14460 Boston-Cambridge-Quincy, MA-NH Metropolitan Statistical Area                     Boston-Worcester-Manchester, MA-NH Combined Statistical Area
148 14461 18180 Concord, NH Micropolitan Statistical Area                                        Boston-Worcester-Manchester, MA-NH Combined Statistical Area
148 14461 29060 Laconia, NH Micropolitan Statistical Area                                        Boston-Worcester-Manchester, MA-NH Combined Statistical Area
148 14461 31700 Manchester-Nashua, NH Metropolitan Statistical Area                              Boston-Worcester-Manchester, MA-NH Combined Statistical Area
148 14461 49340 Worcester, MA Metropolitan Statistical Area                                      Boston-Worcester-Manchester, MA-NH Combined Statistical Area
154 15181 15180 Brownsville-Harlingen, TX Metropolitan Statistical Area                          Brownsville-Harlingen-Raymondville, TX Combined Statistical Area
154 15181 39700 Raymondville, TX Micropolitan Statistical Area                                   Brownsville-Harlingen-Raymondville, TX Combined Statistical Area
164 16021 16020 Cape Girardeau-Jackson, MO-IL Micropolitan Statistical Area                      Cape Girardeau-Sikeston-Jackson, MO-IL Combined Statistical Area
164 16021 43460 Sikeston, MO Micropolitan Statistical Area                                       Cape Girardeau-Sikeston-Jackson, MO-IL Combined Statistical Area
172 16741 10620 Albemarle, NC Micropolitan Statistical Area                                      Charlotte-Gastonia-Salisbury, NC-SC Combined Statistical Area
172 16741 16740 Charlotte-Gastonia-Concord, NC-SC Metropolitan Statistical Area                  Charlotte-Gastonia-Salisbury, NC-SC Combined Statistical Area
172 16741 16900 Chester, SC Micropolitan Statistical Area                                        Charlotte-Gastonia-Salisbury, NC-SC Combined Statistical Area
172 16741 29580 Lancaster, SC Micropolitan Statistical Area                                      Charlotte-Gastonia-Salisbury, NC-SC Combined Statistical Area
172 16741 30740 Lincolnton, NC Micropolitan Statistical Area                                     Charlotte-Gastonia-Salisbury, NC-SC Combined Statistical Area
172 16741 41580 Salisbury, NC Micropolitan Statistical Area                                      Charlotte-Gastonia-Salisbury, NC-SC Combined Statistical Area
172 16741 43140 Shelby, NC Micropolitan Statistical Area                                         Charlotte-Gastonia-Salisbury, NC-SC Combined Statistical Area
172 16741 44380 Statesville-Mooresville, NC Micropolitan Statistical Area                        Charlotte-Gastonia-Salisbury, NC-SC Combined Statistical Area
174 16861 11940 Athens, TN Micropolitan Statistical Area                                         Chattanooga-Cleveland-Athens, TN-GA Combined Statistical Area
174 16861 16860 Chattanooga, TN-GA Metropolitan Statistical Area                                 Chattanooga-Cleveland-Athens, TN-GA Combined Statistical Area
174 16861 17420 Cleveland, TN Metropolitan Statistical Area                                      Chattanooga-Cleveland-Athens, TN-GA Combined Statistical Area
176 16981 16980 Chicago-Naperville-Joliet, IL-IN-WI Metropolitan Statistical Area                Chicago-Naperville-Michigan City, IL-IN-WI Combined Statistical Area
176 16981 28100 Kankakee-Bradley, IL Metropolitan Statistical Area                               Chicago-Naperville-Michigan City, IL-IN-WI Combined Statistical Area
176 16981 33140 Michigan City-La Porte, IN Metropolitan Statistical Area                         Chicago-Naperville-Michigan City, IL-IN-WI Combined Statistical Area
178 17141 17140 Cincinnati-Middletown, OH-KY-IN Metropolitan Statistical Area                    Cincinnati-Middletown-Wilmington, OH-KY-IN Combined Statistical Area
178 17141 48940 Wilmington, OH Micropolitan Statistical Area                                     Cincinnati-Middletown-Wilmington, OH-KY-IN Combined Statistical Area
184 17461 10420 Akron, OH Metropolitan Statistical Area                                          Cleveland-Akron-Elyria, OH Combined Statistical Area
184 17461 11780 Ashtabula, OH Micropolitan Statistical Area                                      Cleveland-Akron-Elyria, OH Combined Statistical Area
184 17461 17460 Cleveland-Elyria-Mentor, OH Metropolitan Statistical Area                        Cleveland-Akron-Elyria, OH Combined Statistical Area
188 17581 17580 Clovis, NM Micropolitan Statistical Area                                         Clovis-Portales, NM Combined Statistical Area
188 17581 38780 Portales, NM Micropolitan Statistical Area                                       Clovis-Portales, NM Combined Statistical Area
192 17901 17900 Columbia, SC Metropolitan Statistical Area                                       Columbia-Newberry, SC Combined Statistical Area
192 17901 35140 Newberry, SC Micropolitan Statistical Area                                       Columbia-Newberry, SC Combined Statistical Area
194 17981 12220 Auburn-Opelika, AL Metropolitan Statistical Area                                 Columbus-Auburn-Opelika, GA-AL Combined Statistical Area
194 17981 17980 Columbus, GA-AL Metropolitan Statistical Area                                    Columbus-Auburn-Opelika, GA-AL Combined Statistical Area
194 17981 46260 Tuskegee, AL Micropolitan Statistical Area                                       Columbus-Auburn-Opelika, GA-AL Combined Statistical Area
198 18141 17060 Chillicothe, OH Micropolitan Statistical Area                                    Columbus-Marion-Chillicothe, OH Combined Statistical Area
198 18141 18140 Columbus, OH Metropolitan Statistical Area                                       Columbus-Marion-Chillicothe, OH Combined Statistical Area
198 18141 32020 Marion, OH Micropolitan Statistical Area                                         Columbus-Marion-Chillicothe, OH Combined Statistical Area
198 18141 34540 Mount Vernon, OH Micropolitan Statistical Area                                   Columbus-Marion-Chillicothe, OH Combined Statistical Area
198 18141 47860 Washington, OH Micropolitan Statistical Area                                     Columbus-Marion-Chillicothe, OH Combined Statistical Area
202 18341 18340 Corbin, KY Micropolitan Statistical Area                                         Corbin-London, KY Combined Statistical Area
202 18341 30940 London, KY Micropolitan Statistical Area                                         Corbin-London, KY Combined Statistical Area
204 18581 18580 Corpus Christi, TX Metropolitan Statistical Area                                 Corpus Christi-Kingsville, TX Combined Statistical Area
204 18581 28780 Kingsville, TX Micropolitan Statistical Area                                     Corpus Christi-Kingsville, TX Combined Statistical Area
206 19101 11980 Athens, TX Micropolitan Statistical Area                                         Dallas-Fort Worth, TX Combined Statistical Area
206 19101 19100 Dallas-Fort Worth-Arlington, TX Metropolitan Statistical Area                    Dallas-Fort Worth, TX Combined Statistical Area
206 19101 23620 Gainesville, TX Micropolitan Statistical Area                                    Dallas-Fort Worth, TX Combined Statistical Area
206 19101 24180 Granbury, TX Micropolitan Statistical Area                                       Dallas-Fort Worth, TX Combined Statistical Area
206 19101 33420 Mineral Wells, TX Micropolitan Statistical Area                                  Dallas-Fort Worth, TX Combined Statistical Area
212 19381 19380 Dayton, OH Metropolitan Statistical Area                                         Dayton-Springfield-Greenville, OH Combined Statistical Area
212 19381 24820 Greenville, OH Micropolitan Statistical Area                                     Dayton-Springfield-Greenville, OH Combined Statistical Area
212 19381 44220 Springfield, OH Metropolitan Statistical Area                                    Dayton-Springfield-Greenville, OH Combined Statistical Area
212 19381 46500 Urbana, OH Micropolitan Statistical Area                                         Dayton-Springfield-Greenville, OH Combined Statistical Area
214 19661 19660 Deltona-Daytona Beach-Ormond Beach, FL Metropolitan Statistical Area             Deltona-Daytona Beach-Palm Coast, FL Combined Statistical Area
214 19661 37380 Palm Coast, FL Micropolitan Statistical Area                                     Deltona-Daytona Beach-Palm Coast, FL Combined Statistical Area
216 19741 14500 Boulder, CO Metropolitan Statistical Area                                        Denver-Aurora-Boulder, CO Combined Statistical Area
216 19741 19740 Denver-Aurora, CO Metropolitan Statistical Area                                  Denver-Aurora-Boulder, CO Combined Statistical Area
218 19781 19780 Des Moines, IA Metropolitan Statistical Area                                     Des Moines-Newton, IA Combined Statistical Area
218 19781 35500 Newton, IA Micropolitan Statistical Area                                         Des Moines-Newton, IA Combined Statistical Area
220 19821 11460 Ann Arbor, MI Metropolitan Statistical Area                                      Detroit-Warren-Flint, MI Combined Statistical Area
220 19821 19820 Detroit-Warren-Livonia, MI Metropolitan Statistical Area                         Detroit-Warren-Flint, MI Combined Statistical Area
220 19821 22420 Flint, MI Metropolitan Statistical Area                                          Detroit-Warren-Flint, MI Combined Statistical Area
220 19821 33780 Monroe, MI Metropolitan Statistical Area                                         Detroit-Warren-Flint, MI Combined Statistical Area
222 20021 20020 Dothan, AL Metropolitan Statistical Area                                         Dothan-Enterprise-Ozark, AL Combined Statistical Area
222 20021 21460 Enterprise-Ozark, AL Micropolitan Statistical Area                               Dothan-Enterprise-Ozark, AL Combined Statistical Area
232 20741 20740 Eau Claire, WI Metropolitan Statistical Area                                     Eau Claire-Menomonie, WI Combined Statistical Area
232 20741 32860 Menomonie, WI Micropolitan Statistical Area                                      Eau Claire-Menomonie, WI Combined Statistical Area
242 21901 17220 Clarksburg, WV Micropolitan Statistical Area                                     Fairmont-Clarksburg, WV Combined Statistical Area
242 21901 21900 Fairmont, WV Micropolitan Statistical Area                                       Fairmont-Clarksburg, WV Combined Statistical Area
244 22021 22020 Fargo, ND-MN Metropolitan Statistical Area                                       Fargo-Wahpeton, ND-MN Combined Statistical Area
244 22021 47420 Wahpeton, ND-MN Micropolitan Statistical Area                                    Fargo-Wahpeton, ND-MN Combined Statistical Area
248 22301 22300 Findlay, OH Micropolitan Statistical Area                                        Findlay-Tiffin-Fostoria, OH Combined Statistical Area
248 22301 45660 Tiffin-Fostoria, OH Micropolitan Statistical Area                                Findlay-Tiffin-Fostoria, OH Combined Statistical Area
252 22541 13180 Beaver Dam, WI Micropolitan Statistical Area                                     Fond du Lac-Beaver Dam, WI Combined Statistical Area
252 22541 22540 Fond du Lac, WI Metropolitan Statistical Area                                    Fond du Lac-Beaver Dam, WI Combined Statistical Area
256 22861 19760 De Ridder, LA Micropolitan Statistical Area                                      Fort Polk South-De Ridder, LA Combined Statistical Area
256 22861 22860 Fort Polk South, LA Micropolitan Statistical Area                                Fort Polk South-De Ridder, LA Combined Statistical Area
258 23061 12140 Auburn, IN Micropolitan Statistical Area                                         Fort Wayne-Huntington-Auburn, IN Combined Statistical Area
258 23061 19540 Decatur, IN Micropolitan Statistical Area                                        Fort Wayne-Huntington-Auburn, IN Combined Statistical Area
258 23061 23060 Fort Wayne, IN Metropolitan Statistical Area                                     Fort Wayne-Huntington-Auburn, IN Combined Statistical Area
258 23061 26540 Huntington, IN Micropolitan Statistical Area                                     Fort Wayne-Huntington-Auburn, IN Combined Statistical Area
258 23061 28340 Kendallville, IN Micropolitan Statistical Area                                   Fort Wayne-Huntington-Auburn, IN Combined Statistical Area
260 23421 23420 Fresno, CA Metropolitan Statistical Area                                         Fresno-Madera, CA Combined Statistical Area
260 23421 31460 Madera, CA Metropolitan Statistical Area                                         Fresno-Madera, CA Combined Statistical Area
266 24341 10880 Allegan, MI Micropolitan Statistical Area                                        Grand Rapids-Wyoming-Holland, MI Combined Statistical Area
266 24341 24340 Grand Rapids-Wyoming, MI Metropolitan Statistical Area                           Grand Rapids-Wyoming-Holland, MI Combined Statistical Area
266 24341 26100 Holland-Grand Haven, MI Metropolitan Statistical Area                            Grand Rapids-Wyoming-Holland, MI Combined Statistical Area
266 24341 34740 Muskegon-Norton Shores, MI Metropolitan Statistical Area                         Grand Rapids-Wyoming-Holland, MI Combined Statistical Area
268 24661 24660 Greensboro-High Point, NC Metropolitan Statistical Area                          Greensboro--Winston-Salem--High Point, NC Combined Statistical Area
268 24661 30540 Lexington-Thomasville, NC Micropolitan Statistical Area                          Greensboro--Winston-Salem--High Point, NC Combined Statistical Area
268 24661 34340 Mount Airy, NC Micropolitan Statistical Area                                     Greensboro--Winston-Salem--High Point, NC Combined Statistical Area
268 24661 49180 Winston-Salem, NC Metropolitan Statistical Area                                  Greensboro--Winston-Salem--High Point, NC Combined Statistical Area
272 24861 11340 Anderson, SC Metropolitan Statistical Area                                       Greenville-Anderson-Seneca, SC Combined Statistical Area
272 24861 24860 Greenville, SC Metropolitan Statistical Area                                     Greenville-Anderson-Seneca, SC Combined Statistical Area
272 24861 42860 Seneca, SC Micropolitan Statistical Area                                         Greenville-Anderson-Seneca, SC Combined Statistical Area
274 25061 25060 Gulfport-Biloxi, MS Metropolitan Statistical Area                                Gulfport-Biloxi-Pascagoula, MS Combined Statistical Area
274 25061 37700 Pascagoula, MS Metropolitan Statistical Area                                     Gulfport-Biloxi-Pascagoula, MS Combined Statistical Area
276 25421 25420 Harrisburg-Carlisle, PA Metropolitan Statistical Area                            Harrisburg-Carlisle-Lebanon, PA Combined Statistical Area
276 25421 30140 Lebanon, PA Metropolitan Statistical Area                                        Harrisburg-Carlisle-Lebanon, PA Combined Statistical Area
278 25541 25540 Hartford-West Hartford-East Hartford, CT Metropolitan Statistical                Hartford-West Hartford-Willimantic, CT Combined Statistical Area
278 25541 48740 Willimantic, CT Micropolitan Statistical Area                                    Hartford-West Hartford-Willimantic, CT Combined Statistical Area
288 26421 13060 Bay City, TX Micropolitan Statistical Area                                       Houston-Baytown-Huntsville, TX Combined Statistical Area
288 26421 26420 Houston-Baytown-Sugar Land, TX Metropolitan Statistical Area                     Houston-Baytown-Huntsville, TX Combined Statistical Area
288 26421 26660 Huntsville, TX Micropolitan Statistical Area                                     Houston-Baytown-Huntsville, TX Combined Statistical Area
290 26621 19460 Decatur, AL Metropolitan Statistical Area                                        Huntsville-Decatur, AL Combined Statistical Area
290 26621 26620 Huntsville, AL Metropolitan Statistical Area                                     Huntsville-Decatur, AL Combined Statistical Area
292 26821 13940 Blackfoot, ID Micropolitan Statistical Area                                      Idaho Falls-Blackfoot, ID Combined Statistical Area
292 26821 26820 Idaho Falls, ID Metropolitan Statistical Area                                    Idaho Falls-Blackfoot, ID Combined Statistical Area
294 26901 11300 Anderson, IN Metropolitan Statistical Area                                       Indianapolis-Anderson-Columbus, IN Combined Statistical Area
294 26901 18020 Columbus, IN Metropolitan Statistical Area                                       Indianapolis-Anderson-Columbus, IN Combined Statistical Area
294 26901 18820 Crawfordsville, IN Micropolitan Statistical Area                                 Indianapolis-Anderson-Columbus, IN Combined Statistical Area
294 26901 26900 Indianapolis, IN Metropolitan Statistical Area                                   Indianapolis-Anderson-Columbus, IN Combined Statistical Area
294 26901 35220 New Castle, IN Micropolitan Statistical Area                                     Indianapolis-Anderson-Columbus, IN Combined Statistical Area
294 26901 35860 North Vernon, IN Micropolitan Statistical Area                                   Indianapolis-Anderson-Columbus, IN Combined Statistical Area
296 27061 18660 Cortland, NY Micropolitan Statistical Area                                       Ithaca-Cortland, NY Combined Statistical Area
296 27061 27060 Ithaca, NY Metropolitan Statistical Area                                         Ithaca-Cortland, NY Combined Statistical Area
298 27141 27140 Jackson, MS Metropolitan Statistical Area                                        Jackson-Yazoo City, MS Combined Statistical Area
298 27141 49540 Yazoo City, MS Micropolitan Statistical Area                                     Jackson-Yazoo City, MS Combined Statistical Area
304 27741 14980 Bristol, VA Metropolitan Statistical Area                                        Johnson City-Kingsport-Bristol, TN-VA Combined Statistical Area
304 27741 27740 Johnson City, TN Metropolitan Statistical Area                                   Johnson City-Kingsport-Bristol, TN-VA Combined Statistical Area
304 27741 28700 Kingsport-Bristol, TN-VA Metropolitan Statistical Area                           Johnson City-Kingsport-Bristol, TN-VA Combined Statistical Area
312 28141 11860 Atchison, KS Micropolitan Statistical Area                                       Kansas City-Overland Park-Kansas City, MO-KS Combined Statistical Area
312 28141 28140 Kansas City, MO-KS Metropolitan Statistical Area                                 Kansas City-Overland Park-Kansas City, MO-KS Combined Statistical Area
312 28141 47660 Warrensburg, MO Micropolitan Statistical Area                                    Kansas City-Overland Park-Kansas City, MO-KS Combined Statistical Area
314 28941 25340 Harriman, TN Micropolitan Statistical Area                                       Knoxville-Sevierville-La Follette, TN Combined Statistical Area
314 28941 28940 Knoxville, TN Metropolitan Statistical Area                                      Knoxville-Sevierville-La Follette, TN Combined Statistical Area
314 28941 29220 La Follette, TN Micropolitan Statistical Area                                    Knoxville-Sevierville-La Follette, TN Combined Statistical Area
314 28941 42940 Sevierville, TN Micropolitan Statistical Area                                    Knoxville-Sevierville-La Follette, TN Combined Statistical Area
316 29021 29020 Kokomo, IN Metropolitan Statistical Area                                         Kokomo-Peru, IN Combined Statistical Area
316 29021 37940 Peru, IN Micropolitan Statistical Area                                           Kokomo-Peru, IN Combined Statistical Area
318 29181 10020 Abbeville, LA Micropolitan Statistical Area                                      Lafayette-Acadiana, LA Combined Statistical Area
318 29181 18940 Crowley, LA Micropolitan Statistical Area                                        Lafayette-Acadiana, LA Combined Statistical Area
318 29181 29180 Lafayette, LA Metropolitan Statistical Area                                      Lafayette-Acadiana, LA Combined Statistical Area
318 29181 35340 New Iberia, LA Micropolitan Statistical Area                                     Lafayette-Acadiana, LA Combined Statistical Area
318 29181 36660 Opelousas-Eunice, LA Micropolitan Statistical Area                               Lafayette-Acadiana, LA Combined Statistical Area
320 29141 23140 Frankfort, IN Micropolitan Statistical Area                                      Lafayette-Frankfort, IN Combined Statistical Area
320 29141 29140 Lafayette, IN Metropolitan Statistical Area                                      Lafayette-Frankfort, IN Combined Statistical Area
324 29341 27660 Jennings, LA Micropolitan Statistical Area                                       Lake Charles-Jennings, LA Combined Statistical Area
324 29341 29340 Lake Charles, LA Metropolitan Statistical Area                                   Lake Charles-Jennings, LA Combined Statistical Area
330 29621 29620 Lansing-East Lansing, MI Metropolitan Statistical Area                           Lansing-East Lansing-Owosso, MI Combined Statistical Area
330 29621 37020 Owosso, MI Micropolitan Statistical Area                                         Lansing-East Lansing-Owosso, MI Combined Statistical Area
332 29821 29820 Las Vegas-Paradise, NV Metropolitan Statistical Area                             Las Vegas-Paradise-Pahrump, NV Combined Statistical Area
332 29821 37220 Pahrump, NV Micropolitan Statistical Area                                        Las Vegas-Paradise-Pahrump, NV Combined Statistical Area
336 30461 23180 Frankfort, KY Micropolitan Statistical Area                                      Lexington-Fayette--Frankfort--Richmond, KY Combined Statistical Area
336 30461 30460 Lexington-Fayette, KY Metropolitan Statistical Area                              Lexington-Fayette--Frankfort--Richmond, KY Combined Statistical Area
336 30461 34460 Mount Sterling, KY Micropolitan Statistical Area                                 Lexington-Fayette--Frankfort--Richmond, KY Combined Statistical Area
336 30461 40020 Richmond, KY Micropolitan Statistical Area                                       Lexington-Fayette--Frankfort--Richmond, KY Combined Statistical Area
340 30781 30780 Little Rock-North Little Rock, AR Metropolitan Statistical Area                  Little Rock-North Little Rock-Pine Bluff, AR Combined Statistical Area
340 30781 38220 Pine Bluff, AR Metropolitan Statistical Area                                     Little Rock-North Little Rock-Pine Bluff, AR Combined Statistical Area
340 30781 42620 Searcy, AR Micropolitan Statistical Area                                         Little Rock-North Little Rock-Pine Bluff, AR Combined Statistical Area
346 30981 30980 Longview, TX Metropolitan Statistical Area                                       Longview-Marshall, TX Combined Statistical Area
346 30981 32220 Marshall, TX Micropolitan Statistical Area                                       Longview-Marshall, TX Combined Statistical Area
348 31101 31100 Los Angeles-Long Beach-Santa Ana, CA Metropolitan Statistical Area               Los Angeles-Long Beach-Riverside, CA Combined Statistical Area
348 31101 37100 Oxnard-Thousand Oaks-Ventura, CA Metropolitan Statistical Area                   Los Angeles-Long Beach-Riverside, CA Combined Statistical Area
348 31101 40140 Riverside-San Bernardino-Ontario, CA Metropolitan Statistical Area               Los Angeles-Long Beach-Riverside, CA Combined Statistical Area
350 31141 21060 Elizabethtown, KY Metropolitan Statistical Area                                  Louisville-Elizabethtown-Scottsburg, KY-IN Combined Statistical Area
350 31141 31140 Louisville, KY-IN Metropolitan Statistical Area                                  Louisville-Elizabethtown-Scottsburg, KY-IN Combined Statistical Area
350 31141 42500 Scottsburg, IN Micropolitan Statistical Area                                     Louisville-Elizabethtown-Scottsburg, KY-IN Combined Statistical Area
352 31181 30220 Levelland, TX Micropolitan Statistical Area                                      Lubbock-Levelland, TX Combined Statistical Area
352 31181 31180 Lubbock, TX Metropolitan Statistical Area                                        Lubbock-Levelland, TX Combined Statistical Area
354 31301 29900 Laurinburg, NC Micropolitan Statistical Area                                     Lumberton-Laurinburg, NC Combined Statistical Area
354 31301 31300 Lumberton, NC Micropolitan Statistical Area                                      Lumberton-Laurinburg, NC Combined Statistical Area
356 31421 22980 Fort Valley, GA Micropolitan Statistical Area                                    Macon-Warner Robins-Fort Valley, GA Combined Statistical Area
356 31421 31420 Macon, GA Metropolitan Statistical Area                                          Macon-Warner Robins-Fort Valley, GA Combined Statistical Area
356 31421 47580 Warner Robins, GA Metropolitan Statistical Area                                  Macon-Warner Robins-Fort Valley, GA Combined Statistical Area
358 31541 12660 Baraboo, WI Micropolitan Statistical Area                                        Madison-Baraboo, WI Combined Statistical Area
358 31541 31540 Madison, WI Metropolitan Statistical Area                                        Madison-Baraboo, WI Combined Statistical Area
360 31901 15340 Bucyrus, OH Micropolitan Statistical Area                                        Mansfield-Bucyrus, OH Combined Statistical Area
360 31901 31900 Mansfield, OH Metropolitan Statistical Area                                      Mansfield-Bucyrus, OH Combined Statistical Area
364 32421 32420 Mayagüez, PR Metropolitan Statistical Area                                       Mayagüez-San Germán-Cabo Rojo   Combined Statistical Area
364 32421 41900 San Germán-Cabo Rojo, PR Metropolitan Statistical Area                           Mayagüez-San Germán-Cabo Rojo   Combined Statistical Area
376 33341 33340 Milwaukee-Waukesha-West Allis, WI Metropolitan Statistical Area                  Milwaukee-Racine-Waukesha, WI Combined Statistical Area
376 33341 39540 Racine, WI Metropolitan Statistical Area                                         Milwaukee-Racine-Waukesha, WI Combined Statistical Area
378 33461 22060 Faribault-Northfield, MN Micropolitan Statistical Area                           Minneapolis-St. Paul-St. Cloud, MN-WI Combined Statistical Area
378 33461 26780 Hutchinson, MN Micropolitan Statistical Area                                     Minneapolis-St. Paul-St. Cloud, MN-WI Combined Statistical Area
378 33461 33460 Minneapolis-St. Paul-Bloomington, MN-WI Metropolitan Statistical Area            Minneapolis-St. Paul-St. Cloud, MN-WI Combined Statistical Area
378 33461 39860 Red Wing, MN Micropolitan Statistical Area                                       Minneapolis-St. Paul-St. Cloud, MN-WI Combined Statistical Area
378 33461 41060 St. Cloud, MN Metropolitan Statistical Area                                      Minneapolis-St. Paul-St. Cloud, MN-WI Combined Statistical Area
380 33661 19300 Daphne-Fairhope, AL Micropolitan Statistical Area                                Mobile-Daphne-Fairhope, AL Combined Statistical Area
380 33661 33660 Mobile, AL Metropolitan Statistical Area                                         Mobile-Daphne-Fairhope, AL Combined Statistical Area
384 33741 12820 Bastrop, LA Micropolitan Statistical Area                                        Monroe-Bastrop, LA Combined Statistical Area
384 33741 33740 Monroe, LA Metropolitan Statistical Area                                         Monroe-Bastrop, LA Combined Statistical Area
392 34101 34100 Morristown, TN Metropolitan Statistical Area                                     Morristown-Newport, TN Combined Statistical Area
392 34101 35460 Newport, TN Micropolitan Statistical Area                                        Morristown-Newport, TN Combined Statistical Area
396 34821 23860 Georgetown, SC Micropolitan Statistical Area                                     Myrtle Beach-Conway-Georgetown, SC Combined Statistical Area
396 34821 34820 Myrtle Beach-Conway-North Myrtle Beach, SC Metropolitan Statistical Area         Myrtle Beach-Conway-Georgetown, SC Combined Statistical Area
400 34981 17940 Columbia, TN Micropolitan Statistical Area                                       Nashville-Davidson--Murfreesboro--Columbia, TN Combined Statistical Area
400 34981 34980 Nashville-Davidson--Murfreesboro, TN Metropolitan Statistical Area               Nashville-Davidson--Murfreesboro--Columbia, TN Combined Statistical Area
406 35381 14220 Bogalusa, LA Micropolitan Statistical Area                                       New Orleans-Metairie-Bogalusa, LA Combined Statistical Area
406 35381 35380 New Orleans-Metairie-Kenner, LA Metropolitan Statistical Area                    New Orleans-Metairie-Bogalusa, LA Combined Statistical Area
408 35621 14860 Bridgeport-Stamford-Norwalk, CT Metropolitan Statistical Area                    New York-Newark-Bridgeport, NY-NJ-CT-PA Combined Statistical Area
408 35621 28740 Kingston, NY Metropolitan Statistical Area                                       New York-Newark-Bridgeport, NY-NJ-CT-PA Combined Statistical Area
408 35621 35300 New Haven-Milford, CT Metropolitan Statistical Area                              New York-Newark-Bridgeport, NY-NJ-CT-PA Combined Statistical Area
408 35621 35620 New York-Newark-Edison, NY-NJ-PA Metropolitan Statistical Area                   New York-Newark-Bridgeport, NY-NJ-CT-PA Combined Statistical Area
408 35621 39100 Poughkeepsie-Newburgh-Middletown, NY Metropolitan Statistical Area               New York-Newark-Bridgeport, NY-NJ-CT-PA Combined Statistical Area
408 35621 45860 Torrington, CT Micropolitan Statistical Area                                     New York-Newark-Bridgeport, NY-NJ-CT-PA Combined Statistical Area
408 35621 45940 Trenton-Ewing, NJ Metropolitan Statistical Area                                  New York-Newark-Bridgeport, NY-NJ-CT-PA Combined Statistical Area
416 36421 36420 Oklahoma City, OK Metropolitan Statistical Area                                  Oklahoma City-Shawnee, OK Combined Statistical Area
416 36421 43060 Shawnee, OK Micropolitan Statistical Area                                        Oklahoma City-Shawnee, OK Combined Statistical Area
420 36541 23340 Fremont, NE Micropolitan Statistical Area                                        Omaha-Council Bluffs-Fremont, NE-IA Combined Statistical Area
420 36541 36540 Omaha-Council Bluffs, NE-IA Metropolitan Statistical Area                        Omaha-Council Bluffs-Fremont, NE-IA Combined Statistical Area
422 36741 36740 Orlando, FL Metropolitan Statistical Area                                        Orlando-The Villages, FL Combined Statistical Area
422 36741 45540 The Villages, FL Micropolitan Statistical Area                                   Orlando-The Villages, FL Combined Statistical Area
424 37141 32460 Mayfield, KY Micropolitan Statistical Area                                       Paducah-Mayfield, KY-IL Combined Statistical Area
424 37141 37140 Paducah, KY-IL Micropolitan Statistical Area                                     Paducah-Mayfield, KY-IL Combined Statistical Area
426 37901 15900 Canton, IL Micropolitan Statistical Area                                         Peoria-Canton, IL Combined Statistical Area
426 37901 37900 Peoria, IL Metropolitan Statistical Area                                         Peoria-Canton, IL Combined Statistical Area
428 37981 37980 Philadelphia-Camden-Wilmington, PA-NJ-DE-MD Metropolitan Statistical Area        Philadelphia-Camden-Vineland, PA-NJ-DE-MD Combined Statistical Area
428 37981 47220 Vineland-Millville-Bridgeton, NJ Metropolitan Statistical Area                   Philadelphia-Camden-Vineland, PA-NJ-DE-MD Combined Statistical Area
430 38301 35260 New Castle, PA Micropolitan Statistical Area                                     Pittsburgh-New Castle, PA Combined Statistical Area
430 38301 38300 Pittsburgh, PA Metropolitan Statistical Area                                     Pittsburgh-New Castle, PA Combined Statistical Area
434 38661 17620 Coamo, PR Micropolitan Statistical Area                                          Ponce-Yauco-Coamo, PR Combined Statistical Area
434 38661 38660 Ponce, PR Metropolitan Statistical Area                                          Ponce-Yauco-Coamo, PR Combined Statistical Area
434 38661 42180 Santa Isabel, PR Micropolitan Statistical Area                                   Ponce-Yauco-Coamo, PR Combined Statistical Area
434 38661 49500 Yauco, PR Metropolitan Statistical Area                                          Ponce-Yauco-Coamo, PR Combined Statistical Area
438 38861 30340 Lewiston-Auburn, ME Metropolitan Statistical Area                                Portland-Lewiston-South Portland, ME Combined Statistical Area
438 38861 38860 Portland-South Portland, ME Metropolitan Statistical Area                        Portland-Lewiston-South Portland, ME Combined Statistical Area
450 39581 20380 Dunn, NC Micropolitan Statistical Area                                           Raleigh-Durham-Cary, NC Combined Statistical Area
450 39581 20500 Durham, NC Metropolitan Statistical Area                                         Raleigh-Durham-Cary, NC Combined Statistical Area
450 39581 39580 Raleigh-Cary, NC Metropolitan Statistical Area                                   Raleigh-Durham-Cary, NC Combined Statistical Area
464 40381 12860 Batavia, NY Micropolitan Statistical Area                                        Rochester-Batavia-Seneca Falls, NY Combined Statistical Area
464 40381 40380 Rochester, NY Metropolitan Statistical Area                                      Rochester-Batavia-Seneca Falls, NY Combined Statistical Area
464 40381 42900 Seneca Falls, NY Micropolitan Statistical Area                                   Rochester-Batavia-Seneca Falls, NY Combined Statistical Area
466 40421 23300 Freeport, IL Micropolitan Statistical Area                                       Rockford-Freeport-Rochelle, IL Combined Statistical Area
466 40421 40300 Rochelle, IL Micropolitan Statistical Area                                       Rockford-Freeport-Rochelle, IL Combined Statistical Area
466 40421 40420 Rockford, IL Metropolitan Statistical Area                                       Rockford-Freeport-Rochelle, IL Combined Statistical Area
472 40901 23820 Gardnerville Ranchos, NV Micropolitan Statistical Area                           Sacramento--Arden-Arcade--Truckee, CA-NV Combined Statistical Area
472 40901 40900 Sacramento--Arden-Arcade--Roseville, CA Metropolitan Statistical Area            Sacramento--Arden-Arcade--Truckee, CA-NV Combined Statistical Area
472 40901 46020 Truckee-Grass Valley, CA Micropolitan Statistical Area                           Sacramento--Arden-Arcade--Truckee, CA-NV Combined Statistical Area
474 40981 13020 Bay City, MI Metropolitan Statistical Area                                       Saginaw-Bay City-Saginaw Township North, MI Combined Statistical Area
474 40981 40980 Saginaw-Saginaw Township North, MI Metropolitan Statistical Area                 Saginaw-Bay City-Saginaw Township North, MI Combined Statistical Area
476 41181 22100 Farmington, MO Micropolitan Statistical Area                                     St. Louis-St. Charles-Farmington, MO-IL Combined Statistical Area
476 41181 41180 St. Louis, MO-IL Metropolitan Statistical Area                                   St. Louis-St. Charles-Farmington, MO-IL Combined Statistical Area
480 41541 36180 Ocean Pines, MD Micropolitan Statistical Area                                    Salisbury-Ocean Pines, MD Combined Statistical Area
480 41541 41540 Salisbury, MD Metropolitan Statistical Area                                      Salisbury-Ocean Pines, MD Combined Statistical Area
482 41621 14940 Brigham City, UT Micropolitan Statistical Area                                   Salt Lake City-Ogden-Clearfield, UT Combined Statistical Area
482 41621 36260 Ogden-Clearfield, UT Metropolitan Statistical Area                               Salt Lake City-Ogden-Clearfield, UT Combined Statistical Area
482 41621 41620 Salt Lake City, UT Metropolitan Statistical Area                                 Salt Lake City-Ogden-Clearfield, UT Combined Statistical Area
488 41941 34900 Napa, CA Metropolitan Statistical Area                                           San Jose-San Francisco-Oakland, CA Combined Statistical Area
488 41941 41860 San Francisco-Oakland-Fremont, CA Metropolitan Statistical Area                  San Jose-San Francisco-Oakland, CA Combined Statistical Area
488 41941 41940 San Jose-Sunnyvale-Santa Clara, CA Metropolitan Statistical Area                 San Jose-San Francisco-Oakland, CA Combined Statistical Area
488 41941 42100 Santa Cruz-Watsonville, CA Metropolitan Statistical Area                         San Jose-San Francisco-Oakland, CA Combined Statistical Area
488 41941 42220 Santa Rosa-Petaluma, CA Metropolitan Statistical Area                            San Jose-San Francisco-Oakland, CA Combined Statistical Area
488 41941 46700 Vallejo-Fairfield, CA Metropolitan Statistical Area                              San Jose-San Francisco-Oakland, CA Combined Statistical Area
490 41981 21940 Fajardo, PR Metropolitan Statistical Area                                        San Juan-Caguas-Fajardo, PR Combined Statistical Area
490 41981 41980 San Juan-Caguas-Guaynabo, PR Metropolitan Statistical Area                       San Juan-Caguas-Fajardo, PR Combined Statistical Area
490 41981 46580 Utuado, PR Micropolitan Statistical Area                                         San Juan-Caguas-Fajardo, PR Combined Statistical Area
492 42141 21580 Espanola, NM Micropolitan Statistical Area                                       Santa Fe-Espanola, NM Combined Statistical Area
492 42141 42140 Santa Fe, NM Metropolitan Statistical Area                                       Santa Fe-Espanola, NM Combined Statistical Area
496 42341 25980 Hinesville-Fort Stewart, GA Metropolitan Statistical Area                        Savannah-Hinesville-Fort Stewart, GA Combined Statistical Area
496 42341 42340 Savannah, GA Metropolitan Statistical Area                                       Savannah-Hinesville-Fort Stewart, GA Combined Statistical Area
500 42661 14740 Bremerton-Silverdale, WA Metropolitan Statistical Area                           Seattle-Tacoma-Olympia, WA Combined Statistical Area
500 42661 36020 Oak Harbor, WA Micropolitan Statistical Area                                     Seattle-Tacoma-Olympia, WA Combined Statistical Area
500 42661 36500 Olympia, WA Metropolitan Statistical Area                                        Seattle-Tacoma-Olympia, WA Combined Statistical Area
500 42661 42660 Seattle-Tacoma-Bellevue, WA Metropolitan Statistical Area                        Seattle-Tacoma-Olympia, WA Combined Statistical Area
500 42661 43220 Shelton, WA Micropolitan Statistical Area                                        Seattle-Tacoma-Olympia, WA Combined Statistical Area
508 43341 33380 Minden, LA Micropolitan Statistical Area                                         Shreveport-Bossier City-Minden, LA Combined Statistical Area
508 43341 43340 Shreveport-Bossier City, LA Metropolitan Statistical Area                        Shreveport-Bossier City-Minden, LA Combined Statistical Area
512 43581 43580 Sioux City, IA-NE-SD Metropolitan Statistical Area                               Sioux City-Vermillion, IA-NE-SD Combined Statistical Area
512 43581 46820 Vermillion, SD Micropolitan Statistical Area                                     Sioux City-Vermillion, IA-NE-SD Combined Statistical Area
516 43901 23500 Gaffney, SC Micropolitan Statistical Area                                        Spartanburg-Gaffney-Union, SC Combined Statistical Area
516 43901 43900 Spartanburg, SC Metropolitan Statistical Area                                    Spartanburg-Gaffney-Union, SC Combined Statistical Area
516 43901 46420 Union, SC Micropolitan Statistical Area                                          Spartanburg-Gaffney-Union, SC Combined Statistical Area
526 44981 30260 Lewisburg, PA Micropolitan Statistical Area                                      Sunbury-Lewisburg-Selinsgrove, PA Combined Statistical Area
526 44981 42780 Selinsgrove, PA Micropolitan Statistical Area                                    Sunbury-Lewisburg-Selinsgrove, PA Combined Statistical Area
526 44981 44980 Sunbury, PA Micropolitan Statistical Area                                        Sunbury-Lewisburg-Selinsgrove, PA Combined Statistical Area
532 45061 12180 Auburn, NY Micropolitan Statistical Area                                         Syracuse-Auburn, NY Combined Statistical Area
532 45061 45060 Syracuse, NY Metropolitan Statistical Area                                       Syracuse-Auburn, NY Combined Statistical Area
534 45781 23380 Fremont, OH Micropolitan Statistical Area                                        Toledo-Fremont, OH Combined Statistical Area
534 45781 45780 Toledo, OH Metropolitan Statistical Area                                         Toledo-Fremont, OH Combined Statistical Area
538 46141 12780 Bartlesville, OK Micropolitan Statistical Area                                   Tulsa-Bartlesville, OK Combined Statistical Area
538 46141 46140 Tulsa, OK Metropolitan Statistical Area                                          Tulsa-Bartlesville, OK Combined Statistical Area
540 46341 27380 Jacksonville, TX Micropolitan Statistical Area                                   Tyler-Jacksonville, TX Combined Statistical Area
540 46341 46340 Tyler, TX Metropolitan Statistical Area                                          Tyler-Jacksonville, TX Combined Statistical Area
548 47901 12580 Baltimore-Towson, MD Metropolitan Statistical Area                               Washington-Baltimore-Northern Virginia, DC-MD-VA-WV Combined Statistical Area
548 47901 30500 Lexington Park, MD Micropolitan Statistical Area                                 Washington-Baltimore-Northern Virginia, DC-MD-VA-WV Combined Statistical Area
548 47901 47900 Washington-Arlington-Alexandria, DC-VA-MD-WV Metropolitan Statistical Area       Washington-Baltimore-Northern Virginia, DC-MD-VA-WV Combined Statistical Area
548 47901 49020 Winchester, VA-WV Metropolitan Statistical Area                                  Washington-Baltimore-Northern Virginia, DC-MD-VA-WV Combined Statistical Area
554 48141 32980 Merrill, WI Micropolitan Statistical Area                                        Wausau-Merrill, WI Combined Statistical Area
554 48141 48140 Wausau, WI Metropolitan Statistical Area                                         Wausau-Merrill, WI Combined Statistical Area
556 48621 48620 Wichita, KS Metropolitan Statistical Area                                        Wichita-Winfield, KS Combined Statistical Area
556 48621 49060 Winfield, KS Micropolitan Statistical Area                                       Wichita-Winfield, KS Combined Statistical Area
558 48701 30820 Lock Haven, PA Micropolitan Statistical Area                                     Williamsport-Lock Haven, PA Combined Statistical Area
558 48701 48700 Williamsport, PA Metropolitan Statistical Area                                   Williamsport-Lock Haven, PA Combined Statistical Area
564 49621 23900 Gettysburg, PA Micropolitan Statistical Area                                     York-Hanover-Gettysburg, PA Combined Statistical Area
564 49621 49620 York-Hanover, PA Metropolitan Statistical Area                                   York-Hanover-Gettysburg, PA Combined Statistical Area
566 49661 20620 East Liverpool-Salem, OH Micropolitan Statistical Area                           Youngstown-Warren-East Liverpool, OH-PA Combined Statistical Area
566 49661 49660 Youngstown-Warren-Boardman, OH-PA Metropolitan Statistical Area                  Youngstown-Warren-East Liverpool, OH-PA Combined Statistical Area
